{"cameraMode":{"drawMode":0,"name":"Shaded","section":"Shading Mode"},"sceneLighting":true,"audioPlay":false,"sceneViewState":{"m_AlwaysRefresh":false,"showFog":true,"showSkybox":true,"showFlares":true,"showImageEffects":true,"showParticleSystems":true,"showVisualEffectGraphs":true,"m_FxEnabled":true},"in2DMode":false,"pivot":{"x":0.36540675163269045,"y":-0.6493773460388184,"z":0.39725208282470705},"rotation":{"x":-0.07267261296510697,"y":-0.9222564101219177,"z":0.21340978145599366,"w":-0.3140450119972229},"size":3.93280291557312,"orthographic":true}